[
  {
    "id": "a7fabfd4-fa5f-45b9-b5d9-8812ee6800c1",
    "data": [
      {
        "text": "It was a ",
        "userDefined": false
      },
      {
        "text": "backache",
        "alias": "reason",
        "meta": "@sys.any",
        "userDefined": true
      }
    ],
    "isTemplate": false,
    "count": 0,
    "updated": 1518531903
  },
  {
    "id": "91bceea0-9b08-47b8-95eb-1c6fd10fc2a9",
    "data": [
      {
        "text": "Reason is ",
        "userDefined": false
      },
      {
        "text": "backache",
        "alias": "reason",
        "meta": "@sys.any",
        "userDefined": true
      }
    ],
    "isTemplate": false,
    "count": 0,
    "updated": 1518531903
  },
  {
    "id": "bc48b578-26ad-4f55-9d1c-622c13dcfadd",
    "data": [
      {
        "text": "I did a ",
        "userDefined": false
      },
      {
        "text": "backache",
        "alias": "reason",
        "meta": "@sys.any",
        "userDefined": true
      }
    ],
    "isTemplate": false,
    "count": 0,
    "updated": 1518531903
  },
  {
    "id": "d32fcaa5-a65e-444d-8eff-351d377f2aa9",
    "data": [
      {
        "text": "I have a ",
        "userDefined": false
      },
      {
        "text": "backache",
        "alias": "reason",
        "meta": "@sys.any",
        "userDefined": true
      }
    ],
    "isTemplate": false,
    "count": 0,
    "updated": 1518531903
  },
  {
    "id": "6cfc2f44-8c60-43a6-85f2-539fbbbdb3ac",
    "data": [
      {
        "text": "Had a ",
        "userDefined": false
      },
      {
        "text": "backache",
        "alias": "reason",
        "meta": "@sys.any",
        "userDefined": true
      }
    ],
    "isTemplate": false,
    "count": 0,
    "updated": 1518531903
  },
  {
    "id": "83ae1ba5-d66e-4bb6-ba25-e527c7ccc7a7",
    "data": [
      {
        "text": "I had a ",
        "userDefined": false
      },
      {
        "text": "backache",
        "alias": "reason",
        "meta": "@sys.any",
        "userDefined": true
      }
    ],
    "isTemplate": false,
    "count": 0,
    "updated": 1518531903
  },
  {
    "id": "20f23b44-e56d-4d80-98db-8abacd74aa3f",
    "data": [
      {
        "text": "I ",
        "userDefined": false
      },
      {
        "text": "some reason",
        "alias": "reason",
        "meta": "@sys.any",
        "userDefined": true
      }
    ],
    "isTemplate": false,
    "count": 0,
    "updated": 1518531903
  },
  {
    "id": "db4e6610-cf72-4a2a-9c0c-3f9960367f0f",
    "data": [
      {
        "text": "The reason is ",
        "userDefined": false
      },
      {
        "text": "backache",
        "alias": "reason",
        "meta": "@sys.any",
        "userDefined": true
      }
    ],
    "isTemplate": false,
    "count": 0,
    "updated": 1518531903
  },
  {
    "id": "43ad331c-c10e-4585-bfa1-c5317fc9cac4",
    "data": [
      {
        "text": "Have a ",
        "userDefined": false
      },
      {
        "text": "backache",
        "alias": "reason",
        "meta": "@sys.any",
        "userDefined": true
      }
    ],
    "isTemplate": false,
    "count": 0,
    "updated": 1518531903
  }
]