[
  {
    "id": "7bf3cb3f-91f1-48c1-a1ac-5b5eddca70c3",
    "data": [
      {
        "text": "Dentistry",
        "alias": "appointment-type",
        "meta": "@appointment-type",
        "userDefined": false
      }
    ],
    "isTemplate": false,
    "count": 0,
    "updated": 1518455044
  },
  {
    "id": "f7e08331-7230-47c5-a43f-5d394d67cc5d",
    "data": [
      {
        "text": "General",
        "alias": "appointment-type",
        "meta": "@appointment-type",
        "userDefined": false
      }
    ],
    "isTemplate": false,
    "count": 0,
    "updated": 1518455044
  },
  {
    "id": "7a4274c1-12be-45ff-a9e2-135ec1a5db8a",
    "data": [
      {
        "text": "Diabetic",
        "alias": "appointment-type",
        "meta": "@appointment-type",
        "userDefined": false
      }
    ],
    "isTemplate": false,
    "count": 0,
    "updated": 1518455044
  }
]