[
  {
    "id": "d3f497ca-de23-4bbc-b4e5-cc9612571cb7",
    "data": [
      {
        "text": "not at the moment",
        "userDefined": false
      }
    ],
    "isTemplate": false,
    "count": 0,
    "updated": 1518692580
  },
  {
    "id": "043f40c6-4b67-4317-9e5a-b4fb95247a2c",
    "data": [
      {
        "text": "no",
        "userDefined": false
      }
    ],
    "isTemplate": false,
    "count": 0,
    "updated": 1518692580
  },
  {
    "id": "3f9351c7-0fbc-402d-8ffc-8fc5ecd69691",
    "data": [
      {
        "text": "not this time",
        "userDefined": false
      }
    ],
    "isTemplate": false,
    "count": 0,
    "updated": 1518692580
  },
  {
    "id": "127f7e1b-0115-4055-b64f-6f0478bc2469",
    "data": [
      {
        "text": "not",
        "userDefined": false
      }
    ],
    "isTemplate": false,
    "count": 0,
    "updated": 1518692580
  }
]