[
  {
    "id": "b29a41e0-085d-45f9-bf87-dcb688ce3f40",
    "data": [
      {
        "text": "sure",
        "userDefined": false
      }
    ],
    "isTemplate": false,
    "count": 0,
    "updated": 1518524283
  },
  {
    "id": "367ba18a-ce4f-4e04-96ae-36c5448ed999",
    "data": [
      {
        "text": "yes",
        "userDefined": false
      }
    ],
    "isTemplate": false,
    "count": 0,
    "updated": 1518524283
  },
  {
    "id": "6001c0ec-39ed-4f08-9b72-bf459792924c",
    "data": [
      {
        "text": "ok",
        "userDefined": false
      }
    ],
    "isTemplate": false,
    "count": 0,
    "updated": 1518524283
  }
]