[
  {
    "id": "cc40dfaf-2d97-46cd-91d7-a17d5dc1b525",
    "data": [
      {
        "text": "let\u0027s get started",
        "userDefined": false
      }
    ],
    "isTemplate": false,
    "count": 0,
    "updated": 1518692223
  },
  {
    "id": "f1e8c251-f68d-4c1f-9e38-3891df87b7fb",
    "data": [
      {
        "text": "yes",
        "userDefined": false
      }
    ],
    "isTemplate": false,
    "count": 1,
    "updated": 1518519303
  },
  {
    "id": "4e8590ad-a689-4f9b-83c1-c864420fe620",
    "data": [
      {
        "text": "ok",
        "userDefined": false
      }
    ],
    "isTemplate": false,
    "count": 0,
    "updated": 1518519303
  },
  {
    "id": "bbad7760-8ca5-4d12-b3e8-0a7458c0ec4b",
    "data": [
      {
        "text": "sure",
        "userDefined": false
      }
    ],
    "isTemplate": false,
    "count": 0,
    "updated": 1518519303
  }
]